keyword,original_keyword,status,cluster,suggested_content_type,suggested_url,reason,kd,volume,traffic_potential,cpc,priority_tier,reject_reason,caution_flag
magnesium glycinate vs citrate,magnesium glycinate vs citrate,Existing-page optimization,Existing Magnesium optimization,existing page optimization,/guides/magnesium-glycinate-vs-citrate,existing published guide target,6,33000,28000,0.02,Tier 1 — immediate opportunity,,
best vitamin d supplement,best vitamin d supplement,New category candidate,Vitamin D,category hub,/supplements/vitamin-d,strong human supplement category,5,24000,1700,0.90,Tier 1 — immediate opportunity,,
magnesium citrate vs glycinate,magnesium citrate vs glycinate,Existing-page optimization,Existing Magnesium optimization,existing page optimization,/guides/magnesium-glycinate-vs-citrate,existing published guide target,5,16000,28000,0.03,Tier 1 — immediate opportunity,,
best vitamin c supplement,best vitamin c supplement,New category candidate,Vitamin C,category hub,/supplements/vitamin-c,strong human supplement category,5,8100,49000,0.70,Tier 1 — immediate opportunity,,
best b12 supplement,best b12 supplement,New category candidate,Vitamin B12,category hub,/supplements/vitamin-b12,strong human supplement category,10,7700,1900,0.70,Tier 1 — immediate opportunity,,
best coq10 supplement,best coq10 supplement,New category candidate,CoQ10 / Ubiquinol,category hub,/supplements/coq10,strong human supplement category,3,6100,13000,0.80,Tier 1 — immediate opportunity,,
lmnt vs liquid iv,lmnt vs liquid iv,New guide candidate,Electrolytes,comparison page,/guides/lmnt-vs-liquid-iv,strong branded electrolyte comparison intent,0,2600,1100,0.60,Tier 1 — immediate opportunity,,
best vitamin b12 supplement,best vitamin b12 supplement,New category candidate,Vitamin B12,category hub,/supplements/vitamin-b12,strong human supplement category,0,1900,1000,0.70,Tier 1 — immediate opportunity,,
liposomal vitamin c supplement,liposomal vitamin c supplement,New category candidate,Vitamin C,category hub,/supplements/vitamin-c,strong human supplement category,2,700,5500,0.90,Tier 1 — immediate opportunity,,
best vitamin c supplement for women,best vitamin c supplement for women,New category candidate,Vitamin C,category hub,/supplements/vitamin-c,strong human supplement category,3,350,28000,0.60,Tier 1 — immediate opportunity,,
best ubiquinol supplement,best ubiquinol supplement,New category candidate,CoQ10 / Ubiquinol,category hub,/supplements/coq10,strong human supplement category,0,300,600,0.60,Tier 1 — immediate opportunity,,
best l arginine supplement,best l arginine supplement,New category candidate,Citrulline / Arginine,category hub,/supplements/citrulline,strong human supplement category,3,300,59000,0.60,Tier 1 — immediate opportunity,,
supplement collagen,supplement collagen,New category candidate,Collagen,category hub,/supplements/collagen,strong human supplement category,9,250,118000,0.80,Tier 1 — immediate opportunity,,
best l glutamine supplement,best l glutamine supplement,New category candidate,L-Glutamine,category hub,/supplements/l-glutamine,strong human supplement category,3,250,18000,0.50,Tier 1 — immediate opportunity,,
best l reuteri supplement,best l reuteri supplement,New category candidate,Probiotics,category hub,/supplements/probiotics,strong human supplement category,3,150,60,0.80,Tier 1 — immediate opportunity,,
best vitamin c supplement for absorption,best vitamin c supplement for absorption,New category candidate,Vitamin C,category hub,/supplements/vitamin-c,strong human supplement category,4,150,53000,0.70,Tier 1 — immediate opportunity,,
best natural vitamin c supplement,best natural vitamin c supplement,New category candidate,Vitamin C,category hub,/supplements/vitamin-c,strong human supplement category,1,150,10,0.80,Tier 1 — immediate opportunity,,
best l methylfolate supplement,best l methylfolate supplement,New category candidate,Vitamin B12,category hub,/supplements/vitamin-b12,strong human supplement category,0,100,13000,0.35,Tier 1 — immediate opportunity,,
best vitamin d2 supplement,best vitamin d2 supplement,New category candidate,Vitamin D,category hub,/supplements/vitamin-d,strong human supplement category,2,80,8200,0.40,Tier 1 — immediate opportunity,,
best supplement for fiber,best supplement for fiber,New category candidate,Fiber,category hub,/supplements/fiber,strong human supplement category,10,70,32000,,Tier 1 — immediate opportunity,,
best omega 7 supplement,best omega 7 supplement,New category candidate,Fish Oil / Omega-3,category hub,/supplements/omega-3,strong human supplement category,0,60,1000,0.35,Tier 1 — immediate opportunity,,
p 5 p supplement,p 5 p supplement,New category candidate,Vitamin B12,category hub,/supplements/vitamin-b12,strong human supplement category,0,50,1300,,Tier 1 — immediate opportunity,,
best brand vitamin c supplement,best brand vitamin c supplement,New category candidate,Vitamin C,category hub,/supplements/vitamin-c,strong human supplement category,9,50,,,Tier 1 — immediate opportunity,,
vitamin c best supplement,vitamin c best supplement,New category candidate,Vitamin C,category hub,/supplements/vitamin-c,strong human supplement category,9,40,53000,0.90,Tier 1 — immediate opportunity,,
best supplement collagen,best supplement collagen,New category candidate,Collagen,category hub,/supplements/collagen,strong human supplement category,6,10,26000,,Tier 1 — immediate opportunity,,
best vitamin e supplement,best vitamin e supplement,New category candidate,Vitamin E,category hub,/supplements/vitamin-e,strong human supplement category,1,1500,1400,0.50,Tier 2 — strong next category,,
best quercetin supplement,best quercetin supplement,New category candidate,Quercetin,category hub,/supplements/quercetin,strong human supplement category,1,1400,1000,1.00,Tier 2 — strong next category,,
best iron supplements,best iron supplements,New category candidate,Iron,category hub,/supplements/iron,strong human supplement category,6,1300,11000,0.30,Tier 2 — strong next category,,
l methylfolate supplement,l methylfolate supplement,New category candidate,Vitamin B12,category hub,/supplements/vitamin-b12,strong human supplement category,7,1100,100,0.80,Tier 2 — strong next category,,
best l theanine supplement,best l theanine supplement,New category candidate,L-Theanine / L-Tyrosine,category hub,/supplements/l-theanine,strong human supplement category,5,1100,1100,0.80,Tier 2 — strong next category,,
l tyrosine supplement,l tyrosine supplement,New category candidate,L-Theanine / L-Tyrosine,category hub,/supplements/l-theanine,strong human supplement category,2,1000,300,0.90,Tier 2 — strong next category,,
l reuteri supplement,l reuteri supplement,New category candidate,Probiotics,category hub,/supplements/probiotics,strong human supplement category,3,600,450,0.50,Tier 2 — strong next category,,
mk7 supplement,mk7 supplement,New category candidate,Vitamin D,category hub,/supplements/vitamin-d,strong human supplement category,6,600,5500,0.50,Tier 2 — strong next category,,
best l carnitine supplement,best l carnitine supplement,New category candidate,L-Carnitine,category hub,/supplements/l-carnitine,strong human supplement category,1,500,1500,0.45,Tier 2 — strong next category,,
best zma supplement,best zma supplement,New category candidate,Magnesium (related),category hub,,strong human supplement category,10,400,250,0.80,Tier 2 — strong next category,,
natural vitamin c supplement,natural vitamin c supplement,New category candidate,Vitamin C,category hub,/supplements/vitamin-c,strong human supplement category,7,350,600,1.10,Tier 2 — strong next category,,
best zinc supplement for testosterone,best zinc supplement for testosterone,Caution,Zinc,category hub,/supplements/zinc,strong human supplement category; conservative framing required,10,350,300,0.50,Tier 2 — strong next category,,Caution — requires conservative framing
best l citrulline supplement,best l citrulline supplement,New category candidate,Citrulline / Arginine,category hub,/supplements/citrulline,strong human supplement category,0,300,600,0.80,Tier 2 — strong next category,,
omega 7 supplement,omega 7 supplement,New category candidate,Fish Oil / Omega-3,category hub,/supplements/omega-3,strong human supplement category,1,250,200,0.45,Tier 2 — strong next category,,
mag 7 supplement,mag 7 supplement,New category candidate,Magnesium (related),category hub,,strong human supplement category,2,200,5900,0.30,Tier 2 — strong next category,,
vitamin d supplement with k2,vitamin d supplement with k2,New category candidate,Vitamin D,category hub,/supplements/vitamin-d,strong human supplement category,10,150,5400,0.70,Tier 2 — strong next category,,
best l lysine supplement,best l lysine supplement,New category candidate,Lysine,category hub,/supplements/lysine,strong human supplement category,3,150,500,0.45,Tier 2 — strong next category,,
supplement dim,supplement dim,New category candidate,Dim,category hub,/supplements/dim,strong human supplement category,5,100,10000,0.80,Tier 2 — strong next category,,
is omega 9 good for you,is omega 9 good for you,New category candidate,Fish Oil / Omega-3,category hub,/supplements/omega-3,strong human supplement category,5,100,900,,Tier 2 — strong next category,,
supplement astaxanthin,supplement astaxanthin,New category candidate,Astaxanthin,category hub,/supplements/astaxanthin,strong human supplement category,5,100,37000,1.00,Tier 2 — strong next category,,
supplement brands to avoid,supplement brands to avoid,New category candidate,General supplement education,category hub,,strong human supplement category,3,90,7500,0.06,Tier 2 — strong next category,,
omega 9 supplements,omega 9 supplements,New category candidate,Fish Oil / Omega-3,category hub,/supplements/omega-3,strong human supplement category,3,80,50,0.30,Tier 2 — strong next category,,
l supplements,l supplements,Keep,Uncategorized,guide,,general supplement research intent,1,50,50,0.70,Tier 2 — strong next category,,
gf 9 supplement,gf 9 supplement,Keep,Uncategorized,guide,,general supplement research intent,0,40,3000,0.35,Tier 2 — strong next category,,
best r lipoic acid supplement,best r lipoic acid supplement,New category candidate,Alpha Lipoic Acid,category hub,/supplements/alpha-lipoic-acid,strong human supplement category,1,30,150,0.25,Tier 2 — strong next category,,
j crow's iodine dosage,j crow's iodine dosage,New category candidate,Iodine,category hub,/supplements/iodine,strong human supplement category,1,30,2000,0.80,Tier 2 — strong next category,,
supplement lysine,supplement lysine,New category candidate,Lysine,category hub,/supplements/lysine,strong human supplement category,3,30,10000,0.30,Tier 2 — strong next category,,
best supplement brands on amazon,best supplement brands on amazon,New category candidate,General supplement education,category hub,,strong human supplement category,4,20,900,1.40,Tier 2 — strong next category,,
mk 4 supplement,mk 4 supplement,New category candidate,Vitamin D,category hub,/supplements/vitamin-d,strong human supplement category,4,20,150,0.00,Tier 2 — strong next category,,
supplement potassium,supplement potassium,New category candidate,Potassium / Electrolytes minerals,category hub,/supplements/potassium,strong human supplement category,2,20,12000,,Tier 2 — strong next category,,
best yucca supplement,best yucca supplement,New category candidate,Yucca,category hub,/supplements/yucca,strong human supplement category,2,20,70,0.15,Tier 2 — strong next category,,
7 supplement,7 supplement,Keep,Uncategorized,guide,,general supplement research intent,0,10,1300,1.30,Tier 2 — strong next category,,
digestive enzymes supplement,digestive enzymes supplement,Caution,Digestive Enzymes,category hub,/supplements/digestive-enzymes,strong human supplement category; conservative framing required,6,1700,1900,1.00,Tier 3 — useful later,,Caution — requires conservative framing
vitamin d supplement for kids,vitamin d supplement for kids,Caution,Vitamin D,category hub,/supplements/vitamin-d,strong human supplement category; conservative framing required,9,600,350,,Tier 3 — useful later,,Caution — requires conservative framing
what supplements cause constipation,what supplements cause constipation,New category candidate,General supplement education,category hub,,strong human supplement category,4,400,3700,0.03,Tier 3 — useful later,,
vitamin c supplement for kids,vitamin c supplement for kids,Caution,Vitamin C,category hub,/supplements/vitamin-c,strong human supplement category; conservative framing required,3,100,700,,Tier 3 — useful later,,Caution — requires conservative framing
which supplements cause constipation,which supplements cause constipation,New category candidate,General supplement education,category hub,,strong human supplement category,4,70,5100,,Tier 3 — useful later,,
ip 6 supplement,ip 6 supplement,Keep,Uncategorized,guide,,general supplement research intent,7,50,800,,Tier 3 — useful later,,
supplement hmb,supplement hmb,New category candidate,HMB,category hub,/supplements/hmb,strong human supplement category,9,40,10000,,Tier 3 — useful later,,
how many supplements is too many,how many supplements is too many,New category candidate,General supplement education,category hub,,strong human supplement category,9,40,20,0.03,Tier 3 — useful later,,
pomi t supplement,pomi t supplement,Keep,Uncategorized,guide,,general supplement research intent,2,30,200,0.35,Tier 3 — useful later,,
supplement energy,supplement energy,Caution,Uncategorized,guide,,general supplement research intent; conservative framing required,7,30,29000,0.50,Tier 3 — useful later,,Caution — requires conservative framing
omega 3 dosage for kids,omega 3 dosage for kids,Caution,Fish Oil / Omega-3,category hub,/supplements/omega-3,strong human supplement category; conservative framing required,6,30,,,Tier 3 — useful later,,Caution — requires conservative framing
what supplements do pro athletes take,what supplements do pro athletes take,New category candidate,General supplement education,category hub,,strong human supplement category,4,10,4400,,Tier 3 — useful later,,
supplement store near me,supplement store near me,Reject,,reject,,Reject — local/store/coupon intent,3,29000,7900,0.30,Avoid / reject,local/store/coupon intent,
supplement superstore,supplement superstore,Reject,,reject,,Reject — local/store/coupon intent,0,5500,6900,0.10,Avoid / reject,local/store/coupon intent,
mots c dosage,mots c dosage,Reject,,reject,,Reject — high-risk medical/gray-area intent,5,5400,4500,2.00,Avoid / reject,high-risk medical/gray-area intent,
im8 supplement,im8 supplement,Reject,,reject,,Reject — high-risk medical/gray-area intent,1,2600,5000,0.20,Avoid / reject,high-risk medical/gray-area intent,
supplement xpress,supplement xpress,Reject,,reject,,Reject — local/store/coupon intent,0,1600,450,1.80,Avoid / reject,local/store/coupon intent,
supplement for joints,supplement for joints,Reject,,reject,,Reject — disease-treatment intent,10,1600,14000,1.00,Avoid / reject,disease-treatment intent,
best supplement for liver health,best supplement for liver health,Reject,,reject,,Reject — disease-treatment intent,7,900,38000,0.90,Avoid / reject,disease-treatment intent,
supplement shops near me,supplement shops near me,Reject,,reject,,Reject — local/store/coupon intent,5,900,5500,0.40,Avoid / reject,local/store/coupon intent,
mitoq supplement,mitoq supplement,Reject,,reject,,Reject — high-risk medical/gray-area intent,8,800,300,0.50,Avoid / reject,high-risk medical/gray-area intent,
supplement giant,supplement giant,Reject,,reject,,Reject — local/store/coupon intent,0,800,2000,0.50,Avoid / reject,local/store/coupon intent,
vitamin e supplement for horses,vitamin e supplement for horses,Reject,,reject,,Reject — non-human supplement intent,1,600,600,0.80,Avoid / reject,non-human supplement intent,
supplement for inflammation,supplement for inflammation,Reject,,reject,,Reject — disease-treatment intent,10,600,9600,0.07,Avoid / reject,disease-treatment intent,
best zinc supplement for acne,best zinc supplement for acne,Reject,,reject,,Reject — disease-treatment intent,5,500,250,1.20,Avoid / reject,disease-treatment intent,
best supplement for bloating,best supplement for bloating,Reject,,reject,,Reject — disease-treatment intent,1,500,100,1.00,Avoid / reject,disease-treatment intent,
best joint supplement for horses,best joint supplement for horses,Reject,,reject,,Reject — non-human supplement intent,4,450,1100,1.10,Avoid / reject,non-human supplement intent,
nmnh supplement,nmnh supplement,Reject,,reject,,Reject — high-risk medical/gray-area intent,0,400,150,0.50,Avoid / reject,high-risk medical/gray-area intent,
best supplement for fatty liver,best supplement for fatty liver,Reject,,reject,,Reject — disease-treatment intent,7,400,38000,1.00,Avoid / reject,disease-treatment intent,
supplement for kidney health,supplement for kidney health,Reject,,reject,,Reject — disease-treatment intent,3,350,9500,0.45,Avoid / reject,disease-treatment intent,
cloud 9 supplement,cloud 9 supplement,Reject,,reject,,Reject — high-risk medical/gray-area intent,0,350,200,0.90,Avoid / reject,high-risk medical/gray-area intent,
best supplement for liver,best supplement for liver,Reject,,reject,,Reject — disease-treatment intent,8,300,38000,1.30,Avoid / reject,disease-treatment intent,
supplement stacks,supplement stacks,Reject,,reject,,Reject — disease-treatment intent,3,300,400,1.00,Avoid / reject,disease-treatment intent,
what supplements help with inflammation,what supplements help with inflammation,Reject,,reject,,Reject — disease-treatment intent,10,300,9600,0.04,Avoid / reject,disease-treatment intent,
what supplements are good for the liver,what supplements are good for the liver,Reject,,reject,,Reject — disease-treatment intent,8,250,43000,0.60,Avoid / reject,disease-treatment intent,
what supplements help with bloating,what supplements help with bloating,Reject,,reject,,Reject — disease-treatment intent,0,250,3200,0.50,Avoid / reject,disease-treatment intent,
supplement gummies,supplement gummies,Reject,,reject,,Reject — not a supplement content fit,7,250,200,1.20,Avoid / reject,not a supplement fit,
5 best supplements for lymphedema,5 best supplements for lymphedema,Reject,,reject,,Reject — disease-treatment intent,0,250,900,0.35,Avoid / reject,disease-treatment intent,
supplement powder,supplement powder,Reject,,reject,,Reject — not a supplement content fit,4,250,14000,1.30,Avoid / reject,not a supplement fit,
supplement manufacturing partner,supplement manufacturing partner,Reject,,reject,,Reject — not a supplement content fit,3,200,150,1.70,Avoid / reject,not a supplement fit,
best yohimbe supplement,best yohimbe supplement,Reject,,reject,,Reject — high-risk medical/gray-area intent,1,200,3100,0.80,Avoid / reject,high-risk medical/gray-area intent,
best supplement stack for muscle growth,best supplement stack for muscle growth,Reject,,reject,,Reject — disease-treatment intent,4,200,3200,2.50,Avoid / reject,disease-treatment intent,
supplement containers,supplement containers,Reject,,reject,,Reject — not a supplement content fit,0,200,150,0.35,Avoid / reject,not a supplement fit,
supplement bottles,supplement bottles,Reject,,reject,,Reject — not a supplement content fit,0,200,100,1.40,Avoid / reject,not a supplement fit,
supplement dropshipping,supplement dropshipping,Reject,,reject,,Reject — not a supplement content fit,6,200,1300,1.70,Avoid / reject,not a supplement fit,
best supplement for stress,best supplement for stress,Reject,,reject,,Reject — disease-treatment intent,7,200,28000,0.80,Avoid / reject,disease-treatment intent,
maggie q supplements,maggie q supplements,Reject,,reject,,Reject — high-risk medical/gray-area intent,4,200,3700,0.40,Avoid / reject,high-risk medical/gray-area intent,
9 best supplements for hashimoto's,9 best supplements for hashimoto's,Reject,,reject,,Reject — disease-treatment intent,6,200,70,0.20,Avoid / reject,disease-treatment intent,
athlean x supplements,athlean x supplements,Reject,,reject,,Reject — not a supplement content fit,1,200,300,0.90,Avoid / reject,not a supplement fit,
best nmn supplement 1000mg,best nmn supplement 1000mg,Reject,,reject,,Reject — high-risk medical/gray-area intent,6,200,150,0.90,Avoid / reject,high-risk medical/gray-area intent,
supplement quiz,supplement quiz,Reject,,reject,,Reject — not a supplement content fit,10,200,9900,0.70,Avoid / reject,not a supplement fit,
best urinary supplement for dogs,best urinary supplement for dogs,Reject,,reject,,Reject — non-human supplement intent,0,150,150,0.40,Avoid / reject,non-human supplement intent,
5 supplements,5 supplements,Reject,,reject,,Reject — not a supplement content fit,2,150,10,1.50,Avoid / reject,not a supplement fit,
neuroq supplement,neuroq supplement,Reject,,reject,,Reject — high-risk medical/gray-area intent,0,150,1100,0.50,Avoid / reject,high-risk medical/gray-area intent,
supplement labels,supplement labels,Reject,,reject,,Reject — not a supplement content fit,2,150,350,3.50,Avoid / reject,not a supplement fit,
supplement ads,supplement ads,Reject,,reject,,Reject — not a supplement content fit,0,150,40,1.60,Avoid / reject,not a supplement fit,
best supplement for weight gain,best supplement for weight gain,Reject,,reject,,Reject — disease-treatment intent,5,150,3700,0.25,Avoid / reject,disease-treatment intent,
best vitamin e supplement for horses,best vitamin e supplement for horses,Reject,,reject,,Reject — non-human supplement intent,0,150,400,0.90,Avoid / reject,non-human supplement intent,
supplement affiliate programs,supplement affiliate programs,Reject,,reject,,Reject — not a supplement content fit,6,150,300,1.20,Avoid / reject,not a supplement fit,
supplement to lower triglycerides,supplement to lower triglycerides,Reject,,reject,,Reject — disease-treatment intent,6,100,17000,0.45,Avoid / reject,disease-treatment intent,
supplement g,supplement g,Reject,,reject,,Reject — not a supplement content fit,3,100,6300,1.50,Avoid / reject,not a supplement fit,
supplement drinks for seniors,supplement drinks for seniors,Reject,,reject,,Reject — not a supplement content fit,2,100,1600,0.80,Avoid / reject,not a supplement fit,
supplement to build muscle,supplement to build muscle,Reject,,reject,,Reject — disease-treatment intent,8,100,2000,0.35,Avoid / reject,disease-treatment intent,
supplement dispenser,supplement dispenser,Reject,,reject,,Reject — not a supplement content fit,0,100,600,0.60,Avoid / reject,not a supplement fit,
best supplement stack for weight loss,best supplement stack for weight loss,Reject,,reject,,Reject — disease-treatment intent,0,100,400,3.00,Avoid / reject,disease-treatment intent,
supplement to reduce cholesterol,supplement to reduce cholesterol,Reject,,reject,,Reject — disease-treatment intent,7,100,17000,0.80,Avoid / reject,disease-treatment intent,
best supplement stack for men,best supplement stack for men,Reject,,reject,,Reject — disease-treatment intent,3,100,3200,1.70,Avoid / reject,disease-treatment intent,
supplement hunt discount code,supplement hunt discount code,Reject,,reject,,Reject — local/store/coupon intent,0,100,100,0.45,Avoid / reject,local/store/coupon intent,
supplement to reduce inflammation,supplement to reduce inflammation,Reject,,reject,,Reject — disease-treatment intent,8,100,9600,0.04,Avoid / reject,disease-treatment intent,
best supplement stack,best supplement stack,Reject,,reject,,Reject — disease-treatment intent,3,100,3400,1.50,Avoid / reject,disease-treatment intent,
supplement to gain weight,supplement to gain weight,Reject,,reject,,Reject — disease-treatment intent,1,100,5200,0.15,Avoid / reject,disease-treatment intent,
best supplement stack for overall health,best supplement stack for overall health,Reject,,reject,,Reject — disease-treatment intent,3,90,100,,Avoid / reject,disease-treatment intent,
supplement box,supplement box,Reject,,reject,,Reject — not a supplement content fit,7,90,250,0.35,Avoid / reject,not a supplement fit,
supplement glutathione,supplement glutathione,Reject,,reject,,Reject — high-risk medical/gray-area intent,5,90,17000,0.90,Avoid / reject,high-risk medical/gray-area intent,
best sam e supplement,best sam e supplement,Reject,,reject,,Reject — high-risk medical/gray-area intent,3,90,250,0.40,Avoid / reject,high-risk medical/gray-area intent,
best supplement hair growth,best supplement hair growth,Reject,,reject,,Reject — disease-treatment intent,4,90,8900,,Avoid / reject,disease-treatment intent,
vitamin u supplement,vitamin u supplement,Reject,,reject,,Reject — high-risk medical/gray-area intent,3,80,400,1.00,Avoid / reject,high-risk medical/gray-area intent,
best vitamin c supplement uk,best vitamin c supplement uk,Reject,,reject,,Reject — local/store/coupon intent,5,80,16000,0.20,Avoid / reject,non-US geo intent,
best 5htp supplement,best 5htp supplement,Reject,,reject,,Reject — high-risk medical/gray-area intent,0,80,30,0.40,Avoid / reject,high-risk medical/gray-area intent,
supplement examples,supplement examples,Reject,,reject,,Reject — not a supplement content fit,9,80,1500,,Avoid / reject,not a supplement fit,
best supplement to reduce inflammation,best supplement to reduce inflammation,Reject,,reject,,Reject — disease-treatment intent,10,80,4200,0.50,Avoid / reject,disease-treatment intent,
symplex f supplement,symplex f supplement,Reject,,reject,,Reject — high-risk medical/gray-area intent,0,80,1100,1.10,Avoid / reject,high-risk medical/gray-area intent,
best zinc supplement uk,best zinc supplement uk,Reject,,reject,,Reject — local/store/coupon intent,2,70,30,,Avoid / reject,non-US geo intent,
supplement warehouse coupon code,supplement warehouse coupon code,Reject,,reject,,Reject — local/store/coupon intent,0,60,500,2.00,Avoid / reject,local/store/coupon intent,
best supplement for muscle gain,best supplement for muscle gain,Reject,,reject,,Reject — disease-treatment intent,8,60,5200,0.80,Avoid / reject,disease-treatment intent,
supplement emma,supplement emma,Reject,,reject,,Reject — high-risk medical/gray-area intent,1,60,15000,,Avoid / reject,high-risk medical/gray-area intent,
best berberine supplement 500 mg,best berberine supplement 500 mg,Reject,,reject,,Reject — high-risk medical/gray-area intent,4,60,600,0.70,Avoid / reject,high-risk medical/gray-area intent,
supplement good for liver,supplement good for liver,Reject,,reject,,Reject — disease-treatment intent,8,60,38000,1.10,Avoid / reject,disease-treatment intent,
supplement after gallbladder removal,supplement after gallbladder removal,Reject,,reject,,Reject — disease-treatment intent,0,60,2200,0.45,Avoid / reject,disease-treatment intent,
supplement warehouse near me,supplement warehouse near me,Reject,,reject,,Reject — local/store/coupon intent,0,50,0,2.00,Avoid / reject,local/store/coupon intent,
supplement superstore hours,supplement superstore hours,Reject,,reject,,Reject — local/store/coupon intent,0,50,8200,,Avoid / reject,local/store/coupon intent,
vitamin k dosage for dogs rat poison,vitamin k dosage for dogs rat poison,Reject,,reject,,Reject — non-human supplement intent,4,50,300,3.00,Avoid / reject,non-human supplement intent,
best supplement drink for seniors,best supplement drink for seniors,Reject,,reject,,Reject — not a supplement content fit,0,50,8100,0.10,Avoid / reject,not a supplement fit,
supplement places near me,supplement places near me,Reject,,reject,,Reject — local/store/coupon intent,0,50,70,,Avoid / reject,local/store/coupon intent,
supplement xpress el paso tx,supplement xpress el paso tx,Reject,,reject,,Reject — local/store/coupon intent,0,50,450,10.00,Avoid / reject,local/store/coupon intent,
supplement xpress near me,supplement xpress near me,Reject,,reject,,Reject — local/store/coupon intent,0,50,450,10.00,Avoid / reject,local/store/coupon intent,
supplement storage,supplement storage,Reject,,reject,,Reject — not a supplement content fit,0,50,200,0.30,Avoid / reject,not a supplement fit,
supplement hut,supplement hut,Reject,,reject,,Reject — local/store/coupon intent,2,50,2200,1.40,Avoid / reject,local/store/coupon intent,
best supplement after gallbladder removal,best supplement after gallbladder removal,Reject,,reject,,Reject — disease-treatment intent,0,40,2500,0.45,Avoid / reject,disease-treatment intent,
supplement superstore springfield missouri,supplement superstore springfield missouri,Reject,,reject,,Reject — local/store/coupon intent,0,40,17000,,Avoid / reject,local/store/coupon intent,
supplement bottle organizer,supplement bottle organizer,Reject,,reject,,Reject — not a supplement content fit,0,40,50,0.35,Avoid / reject,not a supplement fit,
blood type o supplements,blood type o supplements,Reject,,reject,,Reject — not a supplement content fit,7,30,20,,Avoid / reject,not a supplement fit,
supplement quotes,supplement quotes,Reject,,reject,,Reject — not a supplement content fit,0,30,10,,Avoid / reject,not a supplement fit,
supplement jars,supplement jars,Reject,,reject,,Reject — not a supplement content fit,0,30,100,1.90,Avoid / reject,not a supplement fit,
best supplements for h pylori,best supplements for h pylori,Reject,,reject,,Reject — disease-treatment intent,0,30,100,0.40,Avoid / reject,disease-treatment intent,
best igf 1 supplement,best igf 1 supplement,Reject,,reject,,Reject — high-risk medical/gray-area intent,5,30,200,2.50,Avoid / reject,high-risk medical/gray-area intent,
supplement hs code,supplement hs code,Reject,,reject,,Reject — not a supplement content fit,0,30,30,,Avoid / reject,not a supplement fit,
supplement vitamin store near me,supplement vitamin store near me,Reject,,reject,,Reject — local/store/coupon intent,1,30,0,1.30,Avoid / reject,local/store/coupon intent,
supplement dhea,supplement dhea,Reject,,reject,,Reject — high-risk medical/gray-area intent,10,30,12000,0.60,Avoid / reject,high-risk medical/gray-area intent,
best supplement organizer,best supplement organizer,Reject,,reject,,Reject — not a supplement content fit,7,30,9000,0.40,Avoid / reject,not a supplement fit,
supplement gaba,supplement gaba,Reject,,reject,,Reject — high-risk medical/gray-area intent,0,30,39000,0.00,Avoid / reject,high-risk medical/gray-area intent,
best ip6 supplement,best ip6 supplement,Reject,,reject,,Reject — high-risk medical/gray-area intent,0,30,10,0.20,Avoid / reject,high-risk medical/gray-area intent,
bacillus f supplement,bacillus f supplement,Reject,,reject,,Reject — high-risk medical/gray-area intent,1,20,300,,Avoid / reject,high-risk medical/gray-area intent,
supplement jobs,supplement jobs,Reject,,reject,,Reject — not a supplement content fit,0,20,20,0.45,Avoid / reject,not a supplement fit,
i supplements,i supplements,Reject,,reject,,Reject — local/store/coupon intent,3,20,20,1.80,Avoid / reject,local/store/coupon intent,
best l glutamine supplement for gut,best l glutamine supplement for gut,Reject,,reject,,Reject — not a supplement content fit,3,20,300,,Avoid / reject,not a supplement fit,
best 7 keto dhea supplement,best 7 keto dhea supplement,Reject,,reject,,Reject — high-risk medical/gray-area intent,2,20,60,0.25,Avoid / reject,high-risk medical/gray-area intent,
best supplements for type 1 diabetes,best supplements for type 1 diabetes,Reject,,reject,,Reject — disease-treatment intent,10,20,10,1.10,Avoid / reject,disease-treatment intent,
n supplement,n supplement,Reject,,reject,,Reject — not a supplement content fit,7,20,2300,0.60,Avoid / reject,not a supplement fit,
maggie q supplements review,maggie q supplements review,Reject,,reject,,Reject — high-risk medical/gray-area intent,0,20,1200,,Avoid / reject,high-risk medical/gray-area intent,
what supplements should i take to get ripped,what supplements should i take to get ripped,Reject,,reject,,Reject — disease-treatment intent,1,20,10,0.50,Avoid / reject,disease-treatment intent,
best supplement joint pain,best supplement joint pain,Reject,,reject,,Reject — disease-treatment intent,6,20,5200,,Avoid / reject,disease-treatment intent,
supplement organizer ideas,supplement organizer ideas,Reject,,reject,,Reject — not a supplement content fit,0,10,80,0.40,Avoid / reject,not a supplement fit,
best vitamin b supplement australia,best vitamin b supplement australia,Reject,,reject,,Reject — local/store/coupon intent,5,10,700,,Avoid / reject,non-US geo intent,
stress j supplement,stress j supplement,Reject,,reject,,Reject — high-risk medical/gray-area intent,0,10,70,,Avoid / reject,high-risk medical/gray-area intent,
all n supplements,all n supplements,Reject,,reject,,Reject — local/store/coupon intent,0,10,60,,Avoid / reject,local/store/coupon intent,
supplement kingdom,supplement kingdom,Reject,,reject,,Reject — local/store/coupon intent,0,10,10,,Avoid / reject,local/store/coupon intent,
f&h supplements,f&h supplements,Reject,,reject,,Reject — local/store/coupon intent,9,10,0,,Avoid / reject,local/store/coupon intent,
supplement world wichita ks,supplement world wichita ks,Reject,,reject,,Reject — local/store/coupon intent,0,10,7100,4.50,Avoid / reject,local/store/coupon intent,
best supplement high blood pressure,best supplement high blood pressure,Reject,,reject,,Reject — disease-treatment intent,9,10,,,Avoid / reject,disease-treatment intent,
factor 4 supplement,factor 4 supplement,Reject,,reject,,Reject — high-risk medical/gray-area intent,0,10,10,0.90,Avoid / reject,high-risk medical/gray-area intent,
best vitamin c supplement australia,best vitamin c supplement australia,Reject,,reject,,Reject — local/store/coupon intent,2,10,800,,Avoid / reject,non-US geo intent,
dosage of yeast tablet for eyes,dosage of yeast tablet for eyes,Reject,,reject,,Reject — not a supplement content fit,0,10,10,0.30,Avoid / reject,not a supplement fit,
supplement hub,supplement hub,Reject,,reject,,Reject — local/store/coupon intent,0,10,10,,Avoid / reject,local/store/coupon intent,
supplement emma reviews,supplement emma reviews,Reject,,reject,,Reject — high-risk medical/gray-area intent,1,10,15000,,Avoid / reject,high-risk medical/gray-area intent,
supplement world okc,supplement world okc,Reject,,reject,,Reject — local/store/coupon intent,1,,4100,,Avoid / reject,local/store/coupon intent,
supplement xpress lee trevino,supplement xpress lee trevino,Reject,,reject,,Reject — local/store/coupon intent,0,,450,,Avoid / reject,local/store/coupon intent,
best zinc supplement australia,best zinc supplement australia,Reject,,reject,,Reject — local/store/coupon intent,8,,1300,,Avoid / reject,non-US geo intent,